x,y,z,ESP
27.914,23.073,15.43,38.44333883416438
28.486,23.651,15.43,38.4209751009385
28.187,23.073,15.978,38.18463224525305
17.314,23.073,15.43,38.44334079022346
17.24,23.602,15.43,38.361235890188006
17.041,23.073,15.978,38.184633954747085
16.742,22.495,15.43,38.420976129290985
27.988,22.544,15.43,38.36123361979206
27.888,23.073,14.91,38.53326512951413
17.34,23.073,14.91,38.53326722663505
28.499,23.073,16.6,37.92013571674076
29.513,23.757,16.115,37.65910166849294
16.729,23.073,16.6,37.920137517240384
17.267,23.605,15.961,38.26211789681311
15.715,22.389,16.115,37.659102366313014
27.961,22.541,15.961,38.26211561793407
28.008,23.073,14.357,38.51262571748534
27.763,22.561,14.917,38.704202517597054
17.22,23.073,14.357,38.51262777905062
16.772,22.492,14.849,38.539438953714885
17.465,23.585,14.917,38.70420537408977
28.456,23.654,14.849,38.53943795754479
28.989,24.341,15.43,38.35496717642589
17.416,24.107,15.43,38.715399695279594
16.239,21.805,15.43,38.35496766992395
27.812,22.039,15.43,38.715396783028964
28.619,25.56,15.43,38.76758914749904
28.793,24.981,16.082,38.55950969705842
28.834,24.96,15.43,38.4226947619195
17.995,24.986,15.43,39.88568435694904
17.765,24.57,15.941,39.13627428135241
17.734,24.553,15.43,39.2801821999877
16.609,20.586,15.43,38.76758915800837
16.435,21.165,16.082,38.55951006617275
16.394,21.186,15.43,38.422695019995366
27.233,21.16,15.43,39.885679291676595
27.463,21.576,15.941,39.13627062043487
27.494,21.593,15.43,39.28017821845028
27.367,21.606,14.928,39.58070209330559
16.339,21.136,14.767,38.24318911876064
17.861,24.54,14.928,39.58070693968537
28.889,25.01,14.767,38.24318898250178
28.855,24.34,16.069,38.2388572661385
17.348,24.142,15.969,38.479791084788765
16.373,21.806,16.069,38.23885794358054
27.88,22.004,15.969,38.479788436996635
27.392,22.103,14.94,39.128683960957474
16.276,21.787,14.78,38.43980087060294
17.836,24.043,14.94,39.1286882420913
28.952,24.359,14.78,38.4398004815082
28.948,24.385,16.741,37.97305910822562
17.24,24.186,16.543,38.31406780753032
16.28,21.761,16.741,37.97305996397491
27.988,21.96,16.543,38.3140651033731
27.22,22.119,14.476,39.21687154262645
16.28,21.761,14.118,38.17626389556888
18.008,24.027,14.476,39.21687689099801
28.948,24.385,14.118,38.176263593854316
29.13,23.072,18.147,37.1010361943669
29.382,23.072,17.44,37.33979481496966
28.889,23.735,17.366,37.552588082906226
16.098,23.074,18.147,37.101040534302335
15.846,23.074,17.44,37.33979734027497
17.005,23.665,17.161,38.044779361817135
16.339,22.411,17.366,37.55258990304442
28.223,22.481,17.161,38.04477631142457
27.695,23.073,13.325,38.182839215252386
27.877,23.073,13.833,38.372748164591016
27.558,22.551,13.904,38.71868500977409
17.533,23.073,13.325,38.18284215552999
17.351,23.073,13.833,38.3727506000006
16.435,22.421,13.522,37.869830346463445
17.67,23.595,13.904,38.71868904896998
28.793,23.725,13.522,37.86982975962502
29.05,23.732,16.736,37.67534632820316
17.251,23.622,16.518,38.206720005702046
16.178,22.414,16.736,37.675347589019346
27.977,22.524,16.518,38.20671756058531
27.587,22.564,14.42,38.82781528623353
16.373,22.434,14.163,38.4921463181664
17.641,23.582,14.42,38.82781884610242
28.855,23.712,14.163,38.49214568497216
26.927,23.073,19.743,38.61756680888587
27.561,23.073,19.49,38.64900734737236
27.442,23.755,19.575,38.448674179142856
18.301,23.073,19.743,38.61756733481474
17.667,23.073,19.49,38.6490100607584
17.635,23.776,19.705,38.72237343183585
17.786,22.391,19.575,38.44867549572252
27.593,22.37,19.705,38.72236927843011
26.432,23.073,11.611,36.866789420600476
26.479,23.073,12.258,37.71596372421987
26.687,22.497,11.932,37.43380452423071
18.796,23.073,11.611,36.8667960057147
18.749,23.073,12.258,37.715970631323465
18.918,22.551,12.256,37.457584950321746
18.541,23.648,11.932,37.433996863604136
26.31,23.595,12.256,37.45758105364671
27.504,24.383,19.009,38.46878056220514
27.748,23.743,19.019,38.22458607122656
17.409,24.468,19.24,38.35985384629465
17.236,23.774,19.19,38.1597528646779
17.724,21.763,19.009,38.468781569771934
17.48,22.403,19.019,38.224588180142064
27.819,21.678,19.24,38.35984433468484
27.992,22.371,19.19,38.15969826106532
26.636,21.995,12.485,38.120606692127055
26.851,22.52,12.467,37.99435111832706
18.671,22.016,12.543,37.59607759602258
18.621,22.552,12.637,37.972182367409204
18.592,24.151,12.485,38.12062088202998
18.377,23.626,12.467,37.99436002078444
26.557,24.13,12.543,37.596076510446295
26.607,23.594,12.637,37.97217889091591
27.769,23.073,18.874,38.19140742325702
17.459,23.073,18.874,38.191410984041
26.771,23.073,12.652,38.11853311520232
18.457,23.073,12.652,38.118538967385724
28.544,23.756,18.003,37.63725585522357
28.815,23.072,18.804,37.23583377948303
16.593,23.766,18.042,37.69887450436041
16.413,23.074,18.804,37.235839515768085
16.684,22.39,18.003,37.637258201537556
28.635,22.38,18.042,37.69886869133574
27.175,22.548,13.45,38.542751571118515
27.2,23.073,12.978,38.23639245618271
17.688,22.506,13.292,38.084390110109
18.028,23.073,12.978,38.23639681715278
18.053,23.598,13.45,38.54275747244518
27.54,23.64,13.292,38.084388165511385
27.999,23.726,18.433,38.06728202543887
16.969,23.758,18.578,37.8464351531007
17.229,22.42,18.433,38.067284370761634
28.259,22.388,18.578,37.84642824565139
27.043,22.536,12.959,38.29851606943524
18.185,22.536,12.959,38.178747650982785
18.185,23.61,12.959,38.29852323456804
27.043,23.61,12.959,38.17874493616959
28.134,24.368,17.938,38.27813678469203
16.916,24.41,18.019,37.94002996093222
17.094,21.778,17.938,38.278138064073545
28.312,21.736,18.019,37.940022900370664
27.155,22.008,13.366,38.853429366447415
17.628,21.903,13.164,37.79591658525395
18.073,24.138,13.366,38.85343684424533
27.6,24.243,13.164,37.795915960117085
27.268,25.4,17.757,40.60098981966915
27.552,24.979,18.462,39.146866984498374
27.764,24.935,17.882,39.089018329350424
17.878,25.441,17.797,38.59621575011128
17.514,25.041,18.561,38.42604223158928
17.207,25.028,18.005,38.18487814705759
17.96,20.746,17.757,40.60098989447492
17.676,21.167,18.462,39.14686753746152
17.464,21.211,17.882,39.08901894262176
27.35,20.705,17.797,38.596212624631306
27.714,21.105,18.561,38.426034463476114
28.021,21.118,18.005,38.184871098514606
26.941,20.909,13.266,40.20784460389309
26.581,21.542,12.994,38.962044478915395
27.077,21.459,13.304,39.42638422630393
17.307,20.419,12.776,36.861235605304614
17.757,21.198,12.447,36.98142403905818
17.55,21.242,13.018,37.373895726268586
18.287,25.237,13.266,40.207852465770486
18.647,24.604,12.994,38.96206020319069
18.151,24.687,13.304,39.42639265105889
27.921,25.727,12.776,36.86123646070607
27.471,24.948,12.447,36.98142467518076
27.678,24.904,13.018,37.37389608692556
27.676,24.34,18.39,38.56225099224212
17.13,24.445,18.637,38.026424434156
17.552,21.806,18.39,38.562252187970955
28.098,21.701,18.637,38.02641487862541
26.917,21.996,12.913,38.54558511057897
18.227,21.975,12.864,37.89078455005557
18.311,24.15,12.913,38.54559541366342
27.001,24.171,12.864,37.89078365848023
26.574,27.033,15.43,41.13680111512002
26.838,26.701,16.026,43.4212691155052
26.866,26.562,15.43,40.69955529209166
18.725,26.962,15.43,45.80520964759815
18.39,26.701,16.026,42.147847072171814
18.362,26.562,15.43,45.02844402244294
18.654,19.113,15.43,41.13679902699272
18.39,19.445,16.026,43.42126775102146
18.362,19.584,15.43,40.699553594563014
26.503,19.184,15.43,45.80520101344021
26.838,19.445,16.026,42.14784185214801
26.866,19.584,15.43,45.028437840019066
26.687,19.575,14.854,48.75996588244187
18.314,19.381,14.822,39.411725120007965
18.541,26.571,14.854,48.75997397474424
26.914,26.765,14.822,39.411727093193996
27.27,26.184,15.43,40.12910331794763
27.259,26.321,16.035,42.177670698891475
18.374,25.906,15.43,42.18120238889502
18.132,26.207,16.014,41.40723144460182
17.958,19.962,15.43,40.1291022425519
17.969,19.825,16.035,42.17766984197195
26.854,20.24,15.43,42.18119554544656
27.096,19.939,16.014,41.40722684744259
26.77,20.167,14.888,43.878398738165494
17.888,19.768,14.813,39.02290937000958
18.458,25.979,14.888,43.8784068845072
27.34,26.378,14.813,39.022910664135395
27.109,26.364,16.634,45.1470083689441
18.119,26.364,16.634,40.181270916576715
18.119,19.782,16.634,45.14700757768238
27.109,19.782,16.634,40.18126721630635
26.794,20.013,14.31,46.089930042169165
17.803,19.551,14.141,38.21860267006783
18.434,26.133,14.31,46.089936913767154
27.425,26.595,14.141,38.21860412939364
27.506,25.403,17.198,40.64466552170855
27.228,25.906,17.211,43.1214928382688
17.893,25.321,17.136,39.02200140164476
17.919,25.956,17.242,39.077146242739175
17.722,20.743,17.198,40.64466557825209
18.0,20.24,17.211,43.12149248314725
27.335,20.825,17.136,39.02199799305392
27.309,20.19,17.242,39.07714349024357
27.077,20.948,13.816,40.79589266218827
26.823,20.488,13.805,42.27222149544316
16.864,20.334,13.351,37.15225947829116
17.271,19.792,13.367,37.12743936674262
18.151,25.198,13.816,40.79589912664339
18.405,25.658,13.805,42.27222882762719
28.364,25.812,13.351,37.15225999142914
27.957,26.354,13.367,37.12744032366277
27.423,25.886,16.633,42.19237999703418
18.227,25.639,16.528,39.85576303257871
17.805,20.26,16.633,42.19237959344579
27.001,20.507,16.528,39.85575879468134
26.917,20.556,14.353,42.40617027832897
17.045,19.816,14.036,37.654696485152
18.311,25.59,14.353,42.40617765910015
28.183,26.33,14.036,37.654697114774436
28.134,25.582,16.724,40.11287802583484
18.162,25.096,16.474,39.458928254871864
17.094,20.564,16.724,40.112878131198244
27.066,21.05,16.474,39.458924072976174
27.155,21.009,14.364,40.77924150377597
16.649,20.362,14.03,37.68916545302349
18.073,25.137,14.364,40.77924772635325
28.579,25.784,14.03,37.68916575523818
28.17,26.043,15.43,39.31597787940163
28.361,25.567,16.091,39.482800052512616
18.293,25.383,15.43,40.733215030610666
17.961,25.092,15.965,39.73950604543276
17.058,20.103,15.43,39.31597761089856
16.867,20.579,16.091,39.482800106220864
26.935,20.763,15.43,40.73320858159232
27.267,21.054,15.965,39.7395017398889
27.084,21.133,14.915,40.32419467517642
16.684,20.5,14.747,38.35019331913435
18.144,25.013,14.915,40.32420104961037
28.544,25.646,14.747,38.35019347722037
27.999,26.076,16.083,40.68204079534113
18.185,25.543,15.967,40.399634362195165
17.229,20.07,16.083,40.68204055584487
27.043,20.603,15.967,40.39962929886052
26.87,20.7,14.913,41.46875765013353
17.229,20.07,14.776,38.60630072878236
18.358,25.446,14.913,41.468765351138806
27.999,26.076,14.776,38.606301284818855
28.662,24.406,17.402,37.93010617865016
17.31,24.242,17.159,38.32082753337441
16.566,21.74,17.402,37.93010729623359
27.918,21.904,17.159,38.32082398861081
27.267,22.048,13.912,39.15433136307946
16.473,21.72,13.427,37.57395892099224
17.961,24.098,13.912,39.15433731856114
28.755,24.426,13.427,37.573958696825045
28.098,24.962,17.319,38.97376271994051
17.58,24.807,17.164,38.69361143207784
17.13,21.184,17.319,38.97376330296474
27.648,21.339,17.164,38.69360775353263
27.109,21.524,13.881,39.75999027672634
16.681,21.029,13.385,37.37125724261968
18.119,24.622,13.881,39.75999759398267
28.547,25.117,13.385,37.37125738799067
28.383,24.955,16.701,38.92331420752724
17.868,24.621,16.475,39.02546133424038
16.845,21.191,16.701,38.9233146975869
27.36,21.525,16.475,39.02545774543884
27.267,21.556,14.405,39.83532531033686
16.473,21.07,14.076,37.904313164262476
17.961,24.59,14.405,39.83533108704154
28.755,25.076,14.076,37.90431316034118
22.614,29.173,15.43,37.888698214257616
22.614,28.547,15.969,38.33018291127071
23.143,28.447,15.43,38.23255711157206
21.957,29.741,15.43,37.774006004766434
22.614,16.973,15.43,37.88868672539722
22.614,17.599,15.969,38.3301719555181
22.085,17.699,15.43,38.23254368812826
23.271,16.405,15.43,37.773996831265485
22.614,16.803,14.812,37.81196932581711
22.614,29.343,14.812,37.81198490282893
23.726,28.663,15.43,37.97723035635639
23.166,28.618,15.981,38.142259347187355
21.307,29.644,15.43,37.92503755253962
21.954,29.708,16.089,38.26016914321479
21.502,17.483,15.43,37.977221744943606
22.062,17.528,15.981,38.14225090929916
23.921,16.502,15.43,37.925028256273436
23.274,16.438,16.089,38.26016311839258
23.264,16.537,14.78,37.58763089504462
22.072,17.627,14.888,38.18608343312887
21.964,29.609,14.78,37.58764572170165
23.156,28.519,14.888,38.1861016073484
22.614,28.467,16.503,38.45067813890253
22.614,17.679,16.503,38.45067040314411
22.614,16.6,14.142,37.60281531108823
22.614,29.546,14.142,37.602836182256894
22.614,28.709,17.764,38.28813984216721
23.166,28.302,17.044,38.72307985877889
22.614,28.623,17.113,38.45823392166342
21.932,29.538,17.425,38.39837834324436
22.614,17.437,17.764,38.288138147162634
22.062,17.844,17.044,38.72307535961445
22.614,17.523,17.113,38.45822965336548
23.296,16.608,17.425,38.39837697964985
22.614,16.975,12.904,37.460093995397855
23.276,16.798,13.493,37.18627531134001
22.614,16.757,13.514,37.41107584385904
21.962,16.894,13.522,37.72942210102971
22.614,29.171,12.904,37.46014379344402
21.952,29.348,13.493,37.18631354380434
22.614,29.389,13.514,37.41110866412697
23.266,29.252,13.522,37.72944787975766
23.173,28.534,16.538,38.436104158402955
21.965,29.411,16.716,38.53892349434246
22.055,17.612,16.538,38.43609829966675
23.263,16.735,16.716,38.53891910746833
23.273,16.637,14.123,37.342291706708124
22.015,17.222,14.242,38.04987171598935
21.955,29.509,14.123,37.34231492661391
23.213,28.924,14.242,38.04989336686331
23.648,28.063,16.463,38.93634900192168
21.262,29.599,16.781,38.23384318003229
21.58,18.083,16.463,38.93634268438551
23.966,16.547,16.781,38.233839310246466
23.886,16.931,14.158,37.75223897297338
21.481,17.603,14.297,38.22133254656057
21.342,29.215,14.158,37.75226248579209
23.747,28.543,14.297,38.22135092840055
24.68,28.062,15.43,39.33265374148054
24.123,28.049,15.43,38.84212077771683
24.169,28.112,15.961,39.024839519219334
20.241,28.801,15.43,39.4329055859688
20.756,29.197,15.43,38.57781951109164
20.706,29.252,16.082,38.41111367469601
20.548,18.084,15.43,39.33264731831241
21.105,18.097,15.43,38.842111342410156
21.059,18.034,15.961,39.02483308974137
24.987,17.345,15.43,39.43288943096576
24.472,16.949,15.43,38.57780702257845
24.522,16.894,16.082,38.411105545892255
24.375,17.369,14.828,38.87430740245028
21.059,18.034,14.898,38.67255553325582
20.853,28.777,14.828,38.87433124708751
24.169,28.112,14.898,38.67256762593125
23.722,28.534,15.989,38.30467907853214
21.288,29.606,16.099,38.124279001455875
21.506,17.612,15.989,38.30467264355394
23.94,16.54,16.099,38.12427235348842
23.9,16.735,14.78,37.92005558509684
21.486,17.515,14.86,38.11946720882128
21.328,29.411,14.78,37.92007102007973
23.742,28.631,14.86,38.11947997836969
26.167,27.402,15.43,41.05439852402871
26.242,27.297,16.026,43.562643174273944
19.188,27.247,15.43,44.23114087732737
19.181,27.071,15.994,41.61591509317404
19.061,18.744,15.43,41.05439587489913
18.986,18.849,16.026,43.562641171184964
26.04,18.899,15.43,44.23112790146354
26.047,19.075,15.994,41.61590584546224
26.047,19.075,14.865,47.22336010124479
19.051,18.924,14.843,39.74968691740479
19.181,27.071,14.865,47.223376861133616
26.177,27.222,14.843,39.74969043825825
25.616,27.174,16.528,42.880827033338996
25.634,27.392,15.993,41.61374609712693
19.381,27.49,16.613,39.59420201320066
19.537,27.473,16.004,40.903714200666926
19.612,18.972,16.528,42.88082442437785
19.594,18.754,15.993,41.613742934666725
25.847,18.656,16.613,39.594195739460005
25.691,18.673,16.004,40.90370319202132
25.847,18.656,14.246,47.361848299003
25.805,18.51,14.834,45.598467132033164
19.554,18.893,14.31,38.98193758554666
19.48,18.591,14.845,39.59566943150658
19.381,27.49,14.246,47.36187417956071
19.423,27.636,14.834,45.59848960676003
25.674,27.253,14.31,38.98194398085038
25.748,27.555,14.845,39.59567398372508
25.614,27.563,15.43,40.415095846224204
19.447,27.812,15.43,42.710793440810335
19.614,18.583,15.43,40.41509189154703
25.781,18.334,15.43,42.71077774438142
24.673,27.817,15.976,39.66894517019537
25.112,27.747,15.43,39.83263024851304
20.199,28.638,16.07,39.19770538283768
19.738,28.453,15.43,40.70290508806326
20.555,18.329,15.976,39.66893987845627
20.116,18.399,15.43,39.83262482720655
25.029,17.508,16.07,39.19769486887022
25.49,17.693,15.43,40.702887916317295
24.95,17.691,14.81,39.9922434082537
20.595,18.42,14.894,39.065685257486294
20.278,28.455,14.81,39.99227331855409
24.633,27.726,14.894,39.06569534966931
25.084,27.502,15.967,40.381205298070384
19.708,28.284,16.062,39.863729005534935
20.144,18.644,15.967,40.38120071738564
25.52,17.862,16.062,39.86371896963299
25.375,18.122,14.829,42.10551796920538
20.095,18.557,14.882,39.354125452487494
19.853,28.024,14.829,42.10554749862301
25.133,27.589,14.882,39.35413282743824
24.678,27.614,16.495,40.122815817826734
20.146,28.504,16.704,38.7499085392275
20.55,18.532,16.495,40.12281162322617
25.082,17.642,16.704,38.749902174107724
24.839,18.176,14.281,40.403771874547026
20.348,18.087,14.26,38.68358171905474
20.389,27.97,14.281,40.40381622336227
24.88,28.059,14.26,38.6835917523448
24.9,27.645,17.716,40.95750496874328
25.199,27.282,17.054,41.960225419732595
24.739,27.536,17.043,40.60254217628345
19.879,28.544,18.165,37.232200445269186
19.483,28.173,17.398,38.11143082167111
19.957,28.652,17.447,37.95395497696018
20.328,18.501,17.716,40.9575035226176
20.029,18.864,17.054,41.96022299643885
20.489,18.61,17.043,40.60253925782827
25.349,17.602,18.165,37.23220154093559
25.745,17.973,17.398,38.111428600482554
25.271,17.494,17.447,37.953952796442586
24.9,18.501,13.143,39.985793289638465
25.348,18.621,13.711,42.32868233128975
24.821,18.438,13.754,40.38432864431553
20.165,18.174,12.98,38.749916188504045
19.831,18.54,13.68,38.56775520756889
20.202,18.009,13.599,38.419891991770214
20.328,27.645,13.143,39.98591673423085
19.88,27.525,13.711,42.32873130224933
20.407,27.708,13.754,40.38439534187774
25.063,27.972,12.98,38.74992750385576
25.397,27.606,13.68,38.567763919208005
25.026,28.137,13.599,38.41990255742751
25.081,27.292,16.485,41.038479779433985
19.604,28.22,16.718,38.95234377446017
20.147,18.854,16.485,41.038476099924246
25.624,17.926,16.718,38.95233838229342
25.279,18.517,14.289,42.5578088203621
19.851,18.348,14.247,38.80721365366464
19.949,27.629,14.289,42.55784836292362
25.377,27.798,14.247,38.80722086139471
22.614,27.033,19.389,37.66181185879882
23.211,27.297,19.057,37.978408330618294
22.614,27.325,18.919,38.144511448208576
22.049,27.071,18.863,37.98337197109759
22.614,19.113,19.389,37.6618088084551
22.017,18.849,19.057,37.978406004684366
22.614,18.821,18.919,38.144509182614996
23.179,19.075,18.863,37.983369875986924
22.614,18.972,11.328,38.275218607326615
23.243,18.622,11.608,38.31798927664572
22.614,18.667,11.814,38.566138065290545
21.985,18.622,11.608,38.619557560265044
22.614,27.174,11.328,38.27531183120195
21.985,27.524,11.608,38.318206100836264
22.614,27.479,11.814,38.56624215163866
23.243,27.524,11.608,38.619608631294476
22.614,27.729,18.541,38.26781034800748
23.199,27.555,18.564,38.308533511715694
22.029,27.555,18.564,38.25098198508121
22.614,18.417,18.541,38.26780849352853
22.029,18.591,18.564,38.308531432127
23.199,18.591,18.564,38.250980272237456
22.614,18.167,12.152,38.57389651128141
23.241,18.265,12.068,38.39548620564246
21.966,18.102,11.954,38.67554575195361
22.614,27.979,12.152,38.573995660283046
21.987,27.881,12.068,38.39569526387799
23.262,28.044,11.954,38.675594178064145
23.734,27.253,18.49,38.636776948165874
21.409,27.568,18.72,37.97121087969277
21.494,18.893,18.49,38.63677490431067
23.819,18.578,18.72,37.9712103413015
23.819,18.578,12.139,38.230302489724934
21.24,17.947,11.677,38.667952405528816
21.409,27.568,12.139,38.23067683427906
23.988,28.199,11.677,38.667975499193815
24.228,27.536,17.555,39.769457174148016
24.364,27.606,18.213,39.55180032995682
20.535,28.823,18.168,37.42660958278336
20.614,28.254,18.611,37.29020685989377
21.0,18.61,17.555,39.769454479107466
20.864,18.54,18.213,39.55179908731431
24.693,17.323,18.168,37.42661050052227
24.614,17.892,18.611,37.29020874843701
24.383,18.181,13.1,39.129920757890844
24.301,18.702,12.746,38.91271303580255
20.721,17.838,12.936,38.35432636426995
20.677,18.054,12.348,38.751086493843204
20.845,27.965,13.1,39.130066446277425
20.927,27.444,12.746,38.91297470171687
24.507,28.308,12.936,38.35434372987106
24.551,28.092,12.348,38.75110386850484
23.775,27.714,18.144,38.905677695655356
21.326,28.22,18.44,37.80151799249528
21.453,18.432,18.144,38.905675833369116
23.902,17.926,18.44,37.80151811499641
23.818,18.264,12.617,38.48225158279508
21.242,17.589,12.222,38.21806988361085
21.41,27.882,12.617,38.48250037113233
23.986,28.557,12.222,38.218094264771075
23.7,27.703,17.534,39.1742710554447
21.173,29.216,18.221,37.51611655286337
21.528,18.443,17.534,39.17426777211152
24.055,16.93,18.221,37.51611801313805
23.784,18.087,13.164,38.59008892445256
21.256,17.286,12.8,37.84517081707239
21.444,28.059,13.164,38.59021488830395
23.972,28.86,12.8,37.84519360040795
22.614,28.365,18.258,38.14552419242571
23.192,28.09,17.607,38.71718946105264
21.9,29.276,18.122,37.796200057473655
22.614,17.781,18.258,38.14552316649603
22.036,18.056,17.607,38.7171864045901
23.328,16.87,18.122,37.79620080349129
22.632,16.777,12.041,37.38774935732418
23.286,17.234,12.896,37.61435089907578
21.845,16.549,12.606,37.07140890543084
22.596,29.369,12.041,37.38780153191947
21.942,28.912,12.896,37.61443171126206
23.383,29.597,12.606,37.071434247303955
23.183,27.763,18.045,38.55854870132116
21.992,28.197,18.287,38.100768740265835
22.045,18.383,18.045,38.55854615577468
23.236,17.949,18.287,38.10076767051309
23.236,17.949,12.572,38.24219412461353
21.929,17.428,12.281,38.09046647183308
21.992,28.197,12.572,38.242344502950615
23.299,28.718,12.281,38.09050726886742
24.192,27.912,16.496,39.45616968474012
20.55,29.401,16.824,38.14471458052001
21.036,18.234,16.496,39.45616474797795
24.678,16.745,16.824,38.14471064467401
24.405,17.583,14.22,38.852663322219236
20.884,17.769,14.261,38.41977074388764
20.823,28.563,14.22,38.85269908008827
24.344,28.377,14.261,38.41978419510319
24.225,27.748,17.04,39.79380444983961
20.508,29.186,17.536,37.83793039414225
21.003,18.398,17.04,39.7938008633973
24.72,16.96,17.536,37.83792899959799
24.379,17.949,13.664,39.08023628262853
20.725,17.589,13.54,38.1548315073035
20.849,28.197,13.664,39.08029906071519
24.503,28.557,13.54,38.154846084761616
23.66,27.819,16.977,39.18064622438831
21.22,29.401,17.493,38.05543557471019
21.568,18.327,16.977,39.18064137826964
24.008,16.745,17.493,38.05543414242595
23.844,17.49,13.609,38.18814388562143
21.281,17.025,13.457,37.801021273678906
21.384,28.656,13.609,38.18819657987821
23.947,29.121,13.457,37.80103936914006
22.614,23.073,22.33,34.33011468489574
23.192,23.073,21.301,36.2784615995693
22.614,23.691,21.699,35.46880533771309
22.036,23.073,21.301,36.27846151873725
22.614,22.455,21.699,35.46880436256777
22.614,23.073,9.28,34.32499215039799
23.143,23.073,10.056,35.698983112404974
22.614,22.554,10.155,36.003226867733225
22.085,23.073,10.056,35.698984869563354
22.614,23.592,10.155,36.00322951633891
22.614,24.302,21.609,35.418126650704664
23.225,23.684,21.569,35.9467205572322
22.033,23.654,21.272,36.288782026358895
22.614,21.844,21.609,35.418124466805686
22.003,22.462,21.569,35.94671977370385
23.195,22.492,21.272,36.28878146960248
22.614,22.117,10.624,36.95895452551851
23.136,22.551,10.181,36.11896167159814
22.102,22.561,10.28,36.11604963078467
22.614,24.029,10.624,36.95896341758434
22.092,23.595,10.181,36.11896663824526
23.126,23.585,10.28,36.11605043418877
23.667,23.073,20.726,37.20581715083898
21.561,23.073,20.726,37.205816818724145
23.667,23.073,10.133,35.68751055789491
21.561,23.073,10.133,35.6875139279915
24.68,23.073,20.419,37.68327108995733
24.434,23.695,21.324,36.824282789142316
24.123,23.073,20.406,37.533741159887406
20.548,23.073,20.419,37.68327016446628
21.117,23.585,20.278,37.507741919711
21.105,23.073,20.406,37.533740571253105
20.794,22.451,21.324,36.82428200957393
24.111,22.561,20.278,37.50774242623231
24.757,23.073,10.256,34.87292576909552
24.169,22.541,10.391,36.16568377570751
24.211,23.073,10.166,35.359022580920396
20.471,23.073,10.256,34.8729310766333
21.0,22.521,10.201,35.02572921979001
21.017,23.073,10.166,35.35902711854554
21.059,23.605,10.391,36.165693404402354
24.228,23.625,10.201,35.02572735205814
23.821,23.682,21.378,36.59055393170731
21.585,23.592,20.5,37.216038437617655
21.407,22.464,21.378,36.59055326688834
23.643,22.554,20.5,37.216038509536396
23.643,22.554,10.359,36.33436814266092
21.545,22.534,10.164,35.64845457403912
21.585,23.592,10.359,36.334376084133055
23.683,23.612,10.164,35.64845353392038
23.787,24.246,21.092,36.72770527932893
21.541,24.146,20.612,36.80465038210396
21.441,21.9,21.092,36.72770389125294
23.687,22.0,20.612,36.80465030129056
23.608,22.079,10.631,36.85555311543351
21.66,22.119,10.823,36.73014164564703
21.62,24.067,10.631,36.85556947421961
23.568,24.027,10.823,36.73014537407728
22.614,25.732,21.833,33.53035458144526
22.614,24.902,21.458,35.06963731195264
23.236,24.893,21.324,35.93954878367894
21.992,24.893,21.324,34.72808244302851
22.614,20.414,21.833,33.530344631925075
22.614,21.244,21.458,35.06963356505327
21.992,21.253,21.324,35.93954543048429
23.236,21.253,21.324,34.72808016954575
22.614,21.313,11.18,37.642447059705084
22.614,21.738,11.028,37.43861018474817
23.136,21.547,10.486,37.14871843474157
22.173,21.782,11.247,37.38433096515828
22.614,24.833,11.18,37.64247490050472
22.614,24.408,11.028,37.43862801359417
22.092,24.599,10.486,37.148738765297054
23.055,24.364,11.247,37.38434508829401
23.213,24.26,21.28,36.24052398379769
21.995,24.3,21.475,35.48872516328069
22.015,21.886,21.28,36.24052225829696
23.233,21.846,21.475,35.48872367713937
23.133,22.044,10.359,36.726761643406086
22.155,22.163,10.944,37.04549137227503
22.095,24.102,10.359,36.7267725770641
23.073,23.983,10.944,37.045498511148764
22.599,27.367,20.599,35.77758427314873
23.243,26.895,19.88,36.95761284308125
22.007,26.765,19.729,36.81845426241338
22.629,18.779,20.599,35.7775726987734
21.985,19.251,19.88,36.957609050252394
23.221,19.381,19.729,36.818450986825
22.614,19.33,10.869,37.58563353339321
23.243,19.251,10.979,37.445081450654044
21.985,19.251,10.979,37.78619409771142
22.614,26.816,10.869,37.58570815457809
21.985,26.895,10.979,37.44522412698251
23.243,26.895,10.979,37.7862394133289
23.84,26.422,20.004,36.82116955091213
23.273,26.606,20.482,36.04336065702417
21.325,26.595,20.241,34.827931192223375
21.966,26.549,20.4,35.00040701643171
21.388,19.724,20.004,36.82116714549002
21.955,19.54,20.482,36.043355137575475
23.903,19.551,20.241,34.82792900201375
23.262,19.597,20.4,35.00040159831852
23.882,19.609,10.698,36.75192893166049
23.241,19.711,10.622,36.91305965864345
21.304,19.493,10.54,36.89878495897436
22.029,19.939,10.948,37.405876004352166
21.346,26.537,10.698,36.75208218975688
21.987,26.435,10.622,36.91315166283552
23.924,26.653,10.54,36.89880599217081
23.199,26.207,10.948,37.405916445897404
22.597,26.81,21.015,34.44994789599355
22.631,19.336,21.015,34.44993532088335
22.614,20.017,10.857,37.367647813378746
22.614,26.129,10.857,37.36770606227644
23.223,25.369,20.721,35.99930128544747
22.614,25.996,20.898,34.78264842276704
21.973,25.488,20.994,34.19192957992695
22.005,20.777,20.721,35.99929762143461
22.614,20.15,20.898,34.78264194917014
23.255,20.658,20.994,34.191926660227715
23.16,21.014,10.686,37.27780643633814
22.614,20.763,11.108,37.67677696089753
22.141,21.291,11.324,37.61988836149732
22.068,25.132,10.686,37.277844419440214
22.614,25.383,11.108,37.67681797203138
23.087,24.855,11.324,37.61991058727918
23.346,26.303,21.277,35.05007245153409
21.982,25.979,20.641,34.443283805647184
21.882,19.843,21.277,35.050063575655045
23.246,20.167,20.641,34.44327999266412
23.193,20.409,10.653,37.05435382349587
22.108,20.748,11.261,37.66074265235602
22.035,25.737,10.653,37.05441385774158
23.12,25.398,11.261,37.660774076201875
23.804,25.379,20.504,36.509609728390544
21.382,25.46,20.682,34.41664148470862
21.424,20.767,20.504,36.509607066781015
23.846,20.686,20.682,34.41664162894519
23.763,20.848,10.533,36.90549471662953
21.653,21.212,11.334,37.28870984049361
21.465,25.298,10.533,36.90554491966802
23.575,24.934,11.334,37.28872686379074
25.145,25.604,20.492,36.76454101771914
24.458,26.006,20.206,36.735788191944486
24.507,25.566,20.665,36.47134188322059
19.879,25.808,20.9,33.31372286335255
20.708,26.105,20.368,34.25029591123247
20.721,25.566,20.665,34.07447746286954
20.083,20.542,20.492,36.76454052071662
20.77,20.14,20.206,36.735786897383136
20.721,20.58,20.665,36.47134017386158
25.349,20.338,20.9,33.31373309423994
24.52,20.041,20.368,34.25029918364113
24.507,20.58,20.665,34.07448114234963
24.819,20.868,11.021,36.7900603822126
24.489,20.091,10.573,36.55237875775803
24.414,20.702,10.452,36.608995776027484
20.205,20.664,10.612,33.252544258793826
20.708,20.041,10.492,35.006735155871624
20.876,20.784,10.623,35.372359731950226
20.409,25.278,11.021,36.790125660612944
20.739,26.055,10.573,36.552488880521
20.814,25.444,10.452,36.60905364535235
25.023,25.482,10.612,33.25254997167082
24.52,26.105,10.492,35.00674617871228
24.352,25.362,10.623,35.37236866161706
23.881,26.034,20.492,36.278595141877304
21.389,25.935,20.323,34.76028714584359
21.347,20.112,20.492,36.27859207496298
23.839,20.211,20.323,34.76028655355554
23.86,20.162,10.451,36.562769341892945
21.432,20.31,10.705,36.81321035254696
21.368,25.984,10.451,36.562853380612225
23.796,25.836,10.705,36.81322961630396
26.76,23.755,20.257,38.147854688560194
26.547,23.073,20.222,38.301429254284805
18.403,23.766,20.333,38.56320523437438
18.681,23.073,20.222,38.30142826833831
18.468,22.391,20.257,38.14785432325947
26.825,22.38,20.333,38.56320743837326
26.177,22.487,11.281,36.289196098948494
26.167,23.073,11.101,35.61917694005839
19.051,22.487,11.281,35.42906426543169
19.061,23.073,11.101,35.61918318733618
19.051,23.659,11.281,36.2892075776022
26.177,23.659,11.281,35.42906112270032
26.281,23.073,20.917,37.55709325531941
26.318,23.764,20.726,37.412187762159164
18.947,23.073,20.917,37.55709113603554
18.91,23.764,20.726,37.78141223705198
18.91,22.382,20.726,37.41218671540363
26.318,22.382,20.726,37.78141606075597
26.312,23.1,9.99,33.28151328794235
26.147,22.414,10.377,35.04921233866244
18.916,23.046,9.99,33.28151551533947
19.537,22.499,11.029,34.6216630176953
19.081,23.732,10.377,35.04921816147315
25.691,23.647,11.029,34.621659722763525
26.367,24.447,20.556,37.21809493559991
18.746,24.489,20.714,37.654173595286764
18.861,21.699,20.556,37.21809442935702
26.482,21.657,20.714,37.65418210855301
25.732,21.932,11.171,36.25495662197174
19.612,21.974,11.328,34.832539349903335
19.496,24.214,11.171,36.25497583285922
25.616,24.172,11.328,34.83253893844697
25.271,25.09,21.008,36.53373582312224
25.845,25.104,20.691,36.89917858975123
20.08,24.997,20.751,35.386842917150844
19.333,25.135,20.772,35.80320125620543
19.957,21.056,21.008,36.533734929750295
19.383,21.042,20.691,36.89917817815149
25.148,21.149,20.751,35.386848492244326
25.895,21.011,20.772,35.80321169744282
24.944,21.304,10.537,36.333972527200274
25.397,21.323,10.896,36.17598372645941
20.407,21.397,10.795,34.25794187695293
20.029,21.448,11.22,34.605334546958645
20.284,24.842,10.537,36.33400188551036
19.831,24.823,10.896,36.17601153080865
24.821,24.749,10.795,34.257945795611505
25.199,24.698,11.22,34.605337849939986
25.822,24.445,20.914,36.78453623972074
19.555,24.382,20.661,36.883362091409666
19.406,21.701,20.914,36.78453539409155
25.673,21.764,20.661,36.883367191998744
25.624,21.785,10.283,35.402635899769294
20.097,21.996,11.126,34.76327169962588
19.604,24.361,10.283,35.40264400525767
25.131,24.15,11.126,34.76327189207421
25.244,24.43,21.217,36.52546929495051
20.267,24.284,20.593,36.99773829882669
19.984,21.715,21.217,36.52526660521448
24.961,21.862,20.593,36.99774105789105
25.082,21.799,9.999,35.743825694372504
20.429,21.945,10.622,34.19126276474259
20.146,24.347,9.999,35.74383656769373
24.799,24.201,10.622,34.19126338057117
25.537,23.073,20.898,37.34812460988446
25.069,23.724,21.086,36.926188612306646
19.691,23.073,20.898,37.348122872413
20.516,23.63,20.265,37.63739060539166
20.159,22.422,21.086,36.92618752622559
24.712,22.516,20.265,37.63739179089401
25.706,23.096,9.624,32.914662431132086
25.029,22.432,9.865,35.011928108935656
19.522,23.05,9.624,32.91466479620371
20.437,22.495,10.412,34.358222096733165
20.199,23.714,9.865,35.01193442235404
24.791,23.651,10.412,34.358219691819855
25.762,23.758,21.075,36.85615749260256
19.611,23.726,20.814,37.38068613534508
19.466,22.388,21.075,36.85615623143871
25.617,22.42,20.814,37.380689117233295
25.798,22.345,9.72,34.30608026644413
19.999,22.504,10.74,34.30799550695646
19.43,23.801,9.72,34.30608335119007
25.229,23.642,10.74,34.30799250510613
23.865,24.924,21.106,36.50085405866781
21.363,24.924,21.106,34.801811944362896
21.363,21.222,21.106,36.50085156629601
23.865,21.222,21.106,34.801812201718015
23.66,21.525,10.684,37.102227346228105
21.691,21.707,11.242,37.138536630085646
21.568,24.621,10.684,37.102256640290946
23.537,24.439,11.242,37.13854713686553
24.565,25.024,21.093,36.54639538697268
20.725,24.962,20.913,35.02402702922474
20.663,21.122,21.093,36.54639366065497
24.503,21.184,20.913,35.0240299604162
24.255,21.432,10.665,36.90319614655498
21.003,21.462,10.755,35.84182221485915
20.973,24.714,10.665,36.90323046095527
24.225,24.684,10.755,35.84182767269918
24.496,24.344,21.199,36.779259548112336
21.006,24.16,20.361,37.112443680809996
20.732,21.802,21.199,36.7792583533712
24.222,21.986,20.361,37.11244452612658
24.162,22.027,10.684,36.72936512610494
20.975,21.966,10.405,35.22056665523861
21.066,24.119,10.684,36.72938495879905
24.253,24.18,10.405,35.22056756839832
26.482,26.941,16.626,47.699093521626864
18.746,26.941,16.626,40.15526861168773
18.746,19.205,16.626,47.699092112258526
26.482,19.205,16.626,40.15526385447451
26.206,19.481,14.318,47.997036115796064
18.469,18.928,14.147,38.79056494705971
19.022,26.665,14.318,47.99705224013695
26.759,27.218,14.147,38.79056741216861
26.809,26.092,17.834,43.79263359831026
18.272,26.198,17.918,38.58208486485864
18.419,20.054,17.834,43.79263314682136
26.956,19.948,17.918,38.58208563127903
26.146,20.531,13.405,40.6652118300881
17.83,19.631,12.688,36.8319947812043
19.082,25.615,13.405,40.66523763846776
27.398,26.515,12.688,36.83199651524994
26.65,26.512,17.232,47.685239731260204
18.434,26.635,17.296,39.21255145111476
18.578,19.634,17.232,47.6852388016232
26.794,19.511,17.296,39.21254948968954
26.29,19.941,13.788,44.125713400026136
18.002,19.143,13.37,37.59414809154834
18.938,26.205,13.788,44.12573005501936
27.226,27.003,13.37,37.59414998283456
26.26,26.719,17.86,46.11890329189332
18.712,26.975,18.031,38.20091874240548
18.968,19.427,17.86,46.118902485278696
26.516,19.171,18.031,38.200922182606895
25.748,19.939,13.34,41.25026893677955
18.521,18.98,12.701,37.506667822360114
19.48,26.207,13.34,41.25031489900623
26.707,27.166,12.701,37.50667069796181
25.58,27.194,17.792,43.464755672450174
19.119,27.93,18.214,37.24435341877307
19.648,18.952,17.792,43.46475451981871
26.109,18.216,18.214,37.244356293311
25.58,18.952,13.067,41.537758879441654
19.489,18.731,12.941,38.59066554848283
19.648,27.194,13.067,41.53781689777765
25.739,27.415,12.941,38.59067239080997
26.053,27.109,17.232,47.74859867930226
19.114,27.181,17.264,38.89114378525517
19.175,19.037,17.232,47.74859733808774
26.114,18.965,17.264,38.891141185657844
25.991,19.109,13.66,46.28781735469862
18.991,18.821,13.531,38.34362881029167
19.237,27.037,13.66,46.28783878934658
26.237,27.325,13.531,38.34363321445794
23.811,26.941,19.298,37.86084589871979
21.417,26.941,19.298,37.24432879088559
21.417,19.205,19.298,37.86084405377875
23.811,19.205,19.298,37.24432781276266
23.875,18.997,11.354,37.517892270694965
21.246,18.652,11.009,38.43143958135458
21.353,27.149,11.354,37.51826126566726
23.982,27.494,11.009,38.43146206987136
24.934,27.121,18.342,40.129406907239186
19.788,28.004,18.978,36.65960882510895
20.294,19.025,18.342,40.12940592183217
25.44,18.142,18.978,36.65961481130887
24.934,19.025,12.517,39.17359365772546
20.252,18.952,12.464,38.45821432849101
20.294,27.121,12.517,39.17386500503284
24.976,27.194,12.464,38.458228679421225
24.416,27.109,18.868,38.88188400508573
20.522,27.757,19.421,36.60887134083971
20.812,19.037,18.868,38.881883117010844
24.706,18.389,19.421,36.60887444612724
24.448,18.965,11.929,38.04157375310508
20.555,18.461,11.5,38.7347003552929
20.78,27.181,11.929,38.042141157861806
24.673,27.685,11.5,38.734714942463285
24.917,26.527,18.883,38.89175308223881
19.714,27.422,19.779,35.70324659421099
20.311,19.619,18.883,38.89175229085696
25.514,18.724,19.779,35.70325857006273
24.789,19.811,12.168,38.41601998022508
19.928,19.044,11.4,37.457861241153346
20.439,26.335,12.168,38.416216452264266
25.3,27.102,11.4,37.45787014764922
25.018,26.092,19.624,37.75685118486486
19.745,26.674,20.434,34.229387763147294
20.21,20.054,19.624,37.75685073565742
25.483,19.472,20.434,34.22940347703445
24.85,20.266,11.529,37.49070413094897
20.083,19.895,11.014,35.06098966629796
20.378,25.88,11.529,37.49084619188125
25.145,26.251,11.014,35.060998511157266
24.416,26.512,19.465,37.77854309072079
20.555,27.003,20.042,35.173424257346014
20.812,19.634,19.465,37.778542089030914
24.673,19.143,20.042,35.17342675899084
24.513,19.45,11.178,37.19657513141312
20.587,19.204,10.889,36.90150380019685
20.715,26.696,11.178,37.196901579079785
24.641,26.942,10.889,36.90151763907837
26.828,24.377,19.643,38.12865536851733
18.055,24.484,19.989,38.599476209728195
18.4,21.769,19.643,38.12865563048391
27.173,21.662,19.989,38.59947760855035
26.344,21.919,11.699,37.00066218042092
18.884,21.919,11.699,36.09659356184674
18.884,24.227,11.699,37.000680965415874
26.344,24.227,11.699,36.09659295503534
25.58,25.435,19.551,38.16935105750916
19.066,25.899,20.36,35.98925038506057
19.648,20.711,19.551,38.16935068688063
26.162,20.247,20.36,35.98927330964248
25.527,20.753,11.382,36.800156444129954
19.489,20.584,11.088,33.68676386572664
19.701,25.393,11.382,36.800222764249185
25.739,25.562,11.088,33.68676807805278
26.298,25.004,19.754,38.03525377426118
18.561,25.197,20.186,37.89112218296911
18.93,21.142,19.754,38.03525370013057
26.667,20.949,20.186,37.89113594313477
25.991,21.303,11.466,36.59302131308161
19.237,21.303,11.466,34.71707120372015
19.237,24.843,11.466,36.593052621756726
25.991,24.843,11.466,34.71707316537957
26.26,25.503,19.075,39.14945388522353
18.712,25.674,19.331,38.140612201580524
18.968,20.643,19.075,39.14945377105833
26.516,20.472,19.331,38.140621010232685
26.068,20.77,11.976,37.67560673572791
18.521,20.344,11.336,34.66521790628862
19.16,25.376,11.976,37.67566134839528
26.707,25.802,11.336,34.665220057086
26.809,25.477,18.448,40.22349872453025
18.125,25.646,18.66,38.68636645563116
18.419,20.669,18.448,40.2234986913857
27.103,20.5,18.66,38.6863666164021
26.294,20.964,12.782,39.04981884897037
17.83,20.331,11.987,36.18749736546934
18.934,25.182,12.782,39.04984628148551
27.398,25.815,11.987,36.18749875895415
26.794,24.939,18.991,38.87058991522362
18.146,25.068,19.237,38.74209492921106
18.434,21.207,18.991,38.8705901473967
27.082,21.078,19.237,38.74209403982948
26.145,21.496,12.421,38.1555576602021
18.29,21.142,11.745,35.87343770528839
19.083,24.65,12.421,38.15558456826414
26.938,25.004,11.745,35.87343878771608
25.418,26.437,18.233,40.677820549823565
19.002,27.408,19.042,36.7799504037821
19.81,19.709,18.233,40.677819486592135
26.226,18.738,19.042,36.779965060565885
25.418,19.709,12.626,39.45863305393502
19.433,19.256,12.249,37.78149925650118
19.81,26.437,12.626,39.45875151033597
25.795,26.89,12.249,37.78150613212104
25.579,26.038,18.988,39.06911618669726
19.002,26.685,19.764,36.43409023190824
19.649,20.108,18.988,39.06911576703877
26.226,19.461,19.764,36.43411611520095
25.472,20.215,12.001,38.136890075329156
19.217,19.676,11.354,35.45330449465412
19.756,25.931,12.001,38.13701652117254
26.011,26.47,11.354,35.45330922046858
26.237,26.092,18.449,41.164675169793014
18.667,26.362,18.718,38.02962275529884
18.991,20.054,18.449,41.16467475612201
26.561,19.784,18.718,38.02963146276006
25.72,20.485,12.842,39.275927974452124
18.473,19.622,11.979,36.338020160534235
19.508,25.661,12.842,39.27598371426306
26.755,26.524,11.979,36.33802301041854
