molecule,lthreshold,calc_volume,std_volume,std_source,rebek_volume_cached,abs_error_percent,time_seconds,status,error_message
B1.pdb,0.5,300.4274577290071,,missing,,,7.936004638671875,OK,
B2.pdb,0.5,311.1188024647646,,missing,,,8.804850816726685,OK,
B3.pdb,0.5,293.014499252223,,missing,,,8.451920509338379,OK,
B4.pdb,0.5,436.72798453944193,,missing,,,5.799972057342529,OK,
B5.pdb,0.5,88.44525365291874,,missing,,,4.036650657653809,OK,
B6.pdb,0.5,87.35175705911911,,missing,,,3.6246259212493896,OK,
B7.pdb,0.5,583.8182757773985,,missing,,,15.920586824417114,OK,
B8.pdb,0.5,600.6432488915545,,missing,,,11.183947563171387,OK,
B9.pdb,0.5,231.4989683766255,,missing,,,5.267336130142212,OK,
B10.pdb,0.5,278.412258704278,,missing,,,8.650209903717041,OK,
B11.pdb,0.5,473.0171245599798,,missing,,,9.047373294830322,OK,
B12.pdb,0.5,595.7212863380745,,missing,,,8.660013675689697,OK,
B13.pdb,0.5,607.3411962446048,,missing,,,11.297484636306763,OK,
A1.pdb,0.5,1141.2781202327162,1375.0,csv_or_builtin,,16.997954892166092,11.235257387161255,OK,
C1.pdb,0.5,584.9528602067842,549.0,csv_or_builtin,,6.5487905658987575,6.6244964599609375,OK,
F1.pdb,0.5,526.6283349519681,500.0,csv_or_builtin,,5.32566699039362,8.154922485351562,OK,
F2.pdb,0.5,29702.430861261768,42572.0,csv_or_builtin,,30.23012576044873,198.17509698867798,OK,
H1.pdb,0.5,450.8151274910849,259.0,csv_or_builtin,,74.05989478420267,8.634051084518433,OK,
N1.pdb,0.5,458.407066654057,484.0,csv_or_builtin,,5.287796145855988,8.103476524353027,OK,
O1.pdb,0.5,113.48451440746385,142.0,csv_or_builtin,,20.08132788206771,6.180341482162476,OK,
W1.pdb,0.5,441.0805886560915,400.0,csv_or_builtin,,10.270147164022873,13.67076826095581,OK,
O2.pdb,0.5,215.3249816512257,20.0,csv_or_builtin,,976.6249082561284,8.599757432937622,OK,
C13.pdb,0.5,4035.139166890557,,missing,,,42.38857555389404,OK,
C14.pdb,0.5,6280.018047945148,,missing,,,81.41047286987305,OK,
C16.pdb,0.5,61608.393404793176,,missing,,,594.4873046875,OK,
B1.pdb,1.0,319.3924099362437,,missing,,,6.071932554244995,OK,
B2.pdb,1.0,333.3936303068938,,missing,,,7.651592969894409,OK,
B3.pdb,1.0,312.0349308478666,,missing,,,6.752854347229004,OK,
B4.pdb,1.0,491.30047845040036,,missing,,,4.214095592498779,OK,
B5.pdb,1.0,88.91314097771306,,missing,,,2.989922523498535,OK,
B6.pdb,1.0,89.18873620936456,,missing,,,3.1678285598754883,OK,
B7.pdb,1.0,825.5311020164637,,missing,,,9.81721830368042,OK,
B8.pdb,1.0,846.8861686492452,,missing,,,6.7884743213653564,OK,
B9.pdb,1.0,232.6226502171917,,missing,,,3.7525315284729004,OK,
B10.pdb,1.0,297.2189567248886,,missing,,,6.903526544570923,OK,
B11.pdb,1.0,526.135903945943,,missing,,,6.670918226242065,OK,
B12.pdb,1.0,707.3526964056971,,missing,,,6.271551132202148,OK,
B13.pdb,1.0,849.7280616781153,,missing,,,8.21541428565979,OK,
A1.pdb,1.0,1399.9957743867897,1375.0,csv_or_builtin,,1.81787450085743,7.336313247680664,OK,
C1.pdb,1.0,873.7597082109767,549.0,csv_or_builtin,,59.15477380892107,7.767379522323608,OK,
F1.pdb,1.0,744.8723037367546,500.0,csv_or_builtin,,48.97446074735092,9.66672968864441,OK,
F2.pdb,1.0,29761.971538903374,42572.0,csv_or_builtin,,30.090266985569453,157.55625581741333,OK,
H1.pdb,1.0,846.338755590266,259.0,csv_or_builtin,,226.77172030512202,13.452180624008179,OK,
N1.pdb,1.0,506.89257769047816,484.0,csv_or_builtin,,4.729871423652513,8.042065858840942,OK,
O1.pdb,1.0,122.72822503405531,142.0,csv_or_builtin,,13.571672511228652,5.889619588851929,OK,
W1.pdb,1.0,477.0595574637763,400.0,csv_or_builtin,,19.26488936594407,10.890515089035034,OK,
O2.pdb,1.0,512.5604574991127,20.0,csv_or_builtin,,2462.802287495563,9.887742519378662,OK,
C13.pdb,1.0,4132.253621336916,,missing,,,29.9040310382843,OK,
C14.pdb,1.0,6333.455263539266,,missing,,,32.626694440841675,OK,
C16.pdb,1.0,61608.393404793176,,missing,,,296.1371474266052,OK,
B1.pdb,2.0,323.54020096329117,,missing,,,4.8764872550964355,OK,
B2.pdb,2.0,345.7798281457702,,missing,,,7.406460285186768,OK,
B3.pdb,2.0,315.35146724598576,,missing,,,5.596347093582153,OK,
B4.pdb,2.0,495.23810912983254,,missing,,,4.157863616943359,OK,
B5.pdb,2.0,89.52889087537824,,missing,,,2.8008334636688232,OK,
B6.pdb,2.0,91.84157024373997,,missing,,,3.11447811126709,OK,
B7.pdb,2.0,836.4279354694743,,missing,,,7.496624946594238,OK,
B8.pdb,2.0,856.1607593198728,,missing,,,5.078326940536499,OK,
B9.pdb,2.0,232.6249600729795,,missing,,,3.528449535369873,OK,
B10.pdb,2.0,301.34666261050427,,missing,,,5.347273349761963,OK,
B11.pdb,2.0,527.4164617950269,,missing,,,4.936959505081177,OK,
B12.pdb,2.0,723.5925464449823,,missing,,,6.075862169265747,OK,
B13.pdb,2.0,880.2420013079316,,missing,,,8.082292318344116,OK,
A1.pdb,2.0,1529.0616265495362,1375.0,csv_or_builtin,,11.20448193087536,5.35763955116272,OK,
C1.pdb,2.0,1239.1932051650388,549.0,csv_or_builtin,,125.71825230692875,11.103400945663452,OK,
F1.pdb,2.0,1138.1916227466472,500.0,csv_or_builtin,,127.63832454932944,13.204179763793945,OK,
F2.pdb,2.0,29945.137453503736,42572.0,csv_or_builtin,,29.66001725663879,63.192211389541626,OK,
H1.pdb,2.0,1592.8404584213047,259.0,csv_or_builtin,,514.9963159927818,18.392592668533325,OK,
N1.pdb,2.0,548.2241778356348,484.0,csv_or_builtin,,13.269458230503059,8.39999532699585,OK,
O1.pdb,2.0,139.32474402888604,142.0,csv_or_builtin,,1.8839830782492646,5.600287199020386,OK,
W1.pdb,2.0,493.31724614368585,400.0,csv_or_builtin,,23.329311535921462,10.34580659866333,OK,
O2.pdb,2.0,1174.4142147937011,20.0,csv_or_builtin,,5772.071073968506,14.467487335205078,OK,
C13.pdb,2.0,4724.875602769743,,missing,,,14.988070011138916,OK,
C14.pdb,2.0,6538.294115944976,,missing,,,22.87955141067505,OK,
C16.pdb,2.0,61797.155340604106,,missing,,,181.05040764808655,OK,
B1.pdb,3.0,328.132914108046,,missing,,,5.330405235290527,OK,
B2.pdb,3.0,349.9766210520743,,missing,,,7.132566928863525,OK,
B3.pdb,3.0,318.83397651826795,,missing,,,6.040441989898682,OK,
B4.pdb,3.0,500.5703981648802,,missing,,,4.175658941268921,OK,
B5.pdb,3.0,89.71312329696393,,missing,,,3.0150108337402344,OK,
B6.pdb,3.0,93.8124467355896,,missing,,,3.2471675872802734,OK,
B7.pdb,3.0,836.3293794542483,,missing,,,7.273121356964111,OK,
B8.pdb,3.0,856.1607593198728,,missing,,,5.071163177490234,OK,
B9.pdb,3.0,232.6249600729795,,missing,,,3.607386589050293,OK,
B10.pdb,3.0,304.1058740520577,,missing,,,5.299132823944092,OK,
B11.pdb,3.0,527.4164617950269,,missing,,,5.102858304977417,OK,
B12.pdb,3.0,733.7475790918064,,missing,,,411.1341052055359,OK,
B13.pdb,3.0,901.3754583086271,,missing,,,9.04875111579895,OK,
A1.pdb,3.0,1533.9438436280147,1375.0,csv_or_builtin,,11.559552263855618,5.3208677768707275,OK,
C1.pdb,3.0,1546.8984953683178,549.0,csv_or_builtin,,181.76657474832746,13.241039991378784,OK,
F1.pdb,3.0,1460.180272749572,500.0,csv_or_builtin,,192.03605454991438,14.046517133712769,OK,
F2.pdb,3.0,30005.744387917253,42572.0,csv_or_builtin,,29.517653885377115,48.27555322647095,OK,
H1.pdb,3.0,2012.2405810829994,259.0,csv_or_builtin,,676.9268652830114,23.310187816619873,OK,
N1.pdb,3.0,595.0646095786112,484.0,csv_or_builtin,,22.947233384010584,9.795809268951416,OK,
O1.pdb,3.0,156.2706395900649,142.0,csv_or_builtin,,10.049746190186541,6.007989168167114,OK,
W1.pdb,3.0,499.84852168719596,400.0,csv_or_builtin,,24.96213042179899,10.443334817886353,OK,
O2.pdb,3.0,1205.548330400321,20.0,csv_or_builtin,,5927.741652001605,13.568862915039062,OK,
C13.pdb,3.0,6101.064430058263,,missing,,,16.4236478805542,OK,
C14.pdb,3.0,7258.65250392514,,missing,,,15.640527725219727,OK,
C16.pdb,3.0,61996.18068948752,,missing,,,99.72874188423157,OK,
B1.pdb,4.0,328.4871320371519,,missing,,,5.0787928104400635,OK,
B2.pdb,4.0,352.26229791093135,,missing,,,6.789723873138428,OK,
B3.pdb,4.0,322.23615814391087,,missing,,,6.329426050186157,OK,
B4.pdb,4.0,506.1766277070133,,missing,,,4.302750825881958,OK,
B5.pdb,4.0,90.54192067412414,,missing,,,2.8951401710510254,OK,
B6.pdb,4.0,96.3821638725202,,missing,,,3.2247283458709717,OK,
B7.pdb,4.0,836.3293794542483,,missing,,,7.2589592933654785,OK,
B8.pdb,4.0,856.1607593198728,,missing,,,5.025783538818359,OK,
B9.pdb,4.0,232.6249600729795,,missing,,,3.5107550621032715,OK,
B10.pdb,4.0,305.47270109768544,,missing,,,5.104568243026733,OK,
B11.pdb,4.0,527.4164617950269,,missing,,,5.0929601192474365,OK,
B12.pdb,4.0,742.2228788269091,,missing,,,6.158646106719971,OK,
B13.pdb,4.0,924.500996729929,,missing,,,8.468409299850464,OK,
A1.pdb,4.0,1537.8867538607974,1375.0,csv_or_builtin,,11.846309371694357,5.727359771728516,OK,
C1.pdb,4.0,1851.3019215002214,549.0,csv_or_builtin,,237.21346475413867,14.189390420913696,OK,
F1.pdb,4.0,1857.5589273338148,500.0,csv_or_builtin,,271.511785466763,14.960535049438477,OK,
F2.pdb,4.0,30318.204617737887,42572.0,csv_or_builtin,,28.78369675435054,41.421889781951904,OK,
H1.pdb,4.0,2767.1274049533786,259.0,csv_or_builtin,,968.388959441459,21.700583457946777,OK,
N1.pdb,4.0,635.4416271316687,484.0,csv_or_builtin,,31.28959238257618,9.599656343460083,OK,
O1.pdb,4.0,167.04782508885003,142.0,csv_or_builtin,,17.639313442852135,6.30565071105957,OK,
W1.pdb,4.0,513.1318371765497,400.0,csv_or_builtin,,28.28295929413741,10.561741828918457,OK,
O2.pdb,4.0,1048.6753811122753,20.0,csv_or_builtin,,5143.376905561377,12.400452852249146,OK,
C13.pdb,4.0,6758.002972913612,,missing,,,19.09089422225952,OK,
C14.pdb,4.0,8456.229471646831,,missing,,,17.714205265045166,OK,
C16.pdb,4.0,62090.570988383195,,missing,,,72.59445905685425,OK,
B1.pdb,5.0,333.2329497069427,,missing,,,5.413254261016846,OK,
B2.pdb,5.0,362.2173258282661,,missing,,,7.6818764209747314,OK,
B3.pdb,5.0,324.24323112646516,,missing,,,6.937450170516968,OK,
B4.pdb,5.0,509.740937996252,,missing,,,4.4214088916778564,OK,
B5.pdb,5.0,90.61045954865193,,missing,,,2.9602415561676025,OK,
B6.pdb,5.0,97.4967410576871,,missing,,,2857.3563237190247,OK,
B7.pdb,5.0,836.3293794542483,,missing,,,7.756953954696655,OK,
B8.pdb,5.0,856.1607593198728,,missing,,,5.7568159103393555,OK,
B9.pdb,5.0,232.6249600729795,,missing,,,3.584425210952759,OK,
B10.pdb,5.0,306.9958760830675,,missing,,,5.305034637451172,OK,
B11.pdb,5.0,527.4164617950269,,missing,,,4.9457008838653564,OK,
B12.pdb,5.0,749.9954174050556,,missing,,,6.395053386688232,OK,
B13.pdb,5.0,943.4884832707875,,missing,,,9.205400705337524,OK,
A1.pdb,5.0,1542.4247687648387,1375.0,csv_or_builtin,,12.176346819261,5.567300081253052,OK,
C1.pdb,5.0,2125.938219770606,549.0,csv_or_builtin,,287.238291397196,13.960734844207764,OK,
F1.pdb,5.0,2087.8945301606404,500.0,csv_or_builtin,,317.5789060321281,16.85693907737732,OK,
F2.pdb,5.0,30650.900462172573,42572.0,csv_or_builtin,,28.00220693842767,32.53622913360596,OK,
H1.pdb,5.0,2705.2650105485977,259.0,csv_or_builtin,,944.5038650766786,20.37888789176941,OK,
N1.pdb,5.0,658.2259637830227,484.0,csv_or_builtin,,35.997099955169986,9.577194213867188,OK,
O1.pdb,5.0,179.9448449027621,142.0,csv_or_builtin,,26.721721762508523,6.649922847747803,OK,
W1.pdb,5.0,512.6506891896626,400.0,csv_or_builtin,,28.162672297415643,9.857608079910278,OK,
O2.pdb,5.0,1107.193340083975,20.0,csv_or_builtin,,5435.966700419875,11.45729374885559,OK,
C13.pdb,5.0,7592.763766120023,,missing,,,21.214458465576172,OK,
C14.pdb,5.0,9142.279784293287,,missing,,,20.12906289100647,OK,
C16.pdb,5.0,62090.570988383195,,missing,,,73.37970352172852,OK,
B1.pdb,6.0,334.0574258046694,,missing,,,5.285904407501221,OK,
B2.pdb,6.0,363.84174175111724,,missing,,,7.295814275741577,OK,
B3.pdb,6.0,325.90282090446027,,missing,,,6.0131518840789795,OK,
B4.pdb,6.0,516.8866790650968,,missing,,,4.52658486366272,OK,
B5.pdb,6.0,91.49266109127214,,missing,,,3.185915231704712,OK,
B6.pdb,6.0,101.06897252939035,,missing,,,3.3674919605255127,OK,
B7.pdb,6.0,836.3293794542483,,missing,,,7.272743463516235,OK,
B8.pdb,6.0,856.1607593198728,,missing,,,5.093905448913574,OK,
B9.pdb,6.0,232.6249600729795,,missing,,,3.5620181560516357,OK,
B10.pdb,6.0,307.9505982096481,,missing,,,5.386929035186768,OK,
B11.pdb,6.0,527.4164617950269,,missing,,,4.956264972686768,OK,
B12.pdb,6.0,758.237370067534,,missing,,,6.547991514205933,OK,
B13.pdb,6.0,958.4360981685198,,missing,,,8.86455774307251,OK,
A1.pdb,6.0,1545.4970992361773,1375.0,csv_or_builtin,,12.399789035358348,5.72594428062439,OK,
C1.pdb,6.0,2483.8832531329517,549.0,csv_or_builtin,,352.4377510260386,16.075122117996216,OK,
F1.pdb,6.0,2394.9804463575497,500.0,csv_or_builtin,,378.99608927150996,17.46307110786438,OK,
F2.pdb,6.0,30650.900462172573,42572.0,csv_or_builtin,,28.00220693842767,31.118085622787476,OK,
H1.pdb,6.0,2752.398183375671,259.0,csv_or_builtin,,962.702001303348,18.575471878051758,OK,
N1.pdb,6.0,707.0695625066325,484.0,csv_or_builtin,,46.08875258401497,10.17696213722229,OK,
O1.pdb,6.0,155.47516020970565,142.0,csv_or_builtin,,9.489549443454683,6.751893997192383,OK,
W1.pdb,6.0,521.8098653593037,400.0,csv_or_builtin,,30.452466339825918,10.007423400878906,OK,
O2.pdb,6.0,906.6347377275304,20.0,csv_or_builtin,,4433.173688637652,10.170945167541504,OK,
C13.pdb,6.0,8266.500930629374,,missing,,,22.10335397720337,OK,
C14.pdb,6.0,9926.4682181248,,missing,,,21.712047576904297,OK,
C16.pdb,6.0,62349.28559432613,,missing,,,71.71153926849365,OK,
B1.pdb,7.0,336.68480989956896,,missing,,,5.7632293701171875,OK,
B2.pdb,7.0,363.5819722333336,,missing,,,7.133664131164551,OK,
B3.pdb,7.0,328.51510208655543,,missing,,,1411.8192138671875,OK,
B4.pdb,7.0,521.5954962017846,,missing,,,5.3874311447143555,OK,
B5.pdb,7.0,91.93298889122742,,missing,,,3.402010917663574,OK,
B6.pdb,7.0,103.09561268576176,,missing,,,3.5367953777313232,OK,
B7.pdb,7.0,836.3293794542483,,missing,,,7.956032752990723,OK,
B8.pdb,7.0,856.1607593198728,,missing,,,5.0788514614105225,OK,
B9.pdb,7.0,232.6249600729795,,missing,,,3.523810386657715,OK,
B10.pdb,7.0,309.18954377195956,,missing,,,5.3992438316345215,OK,
B11.pdb,7.0,527.4164617950269,,missing,,,4.953620672225952,OK,
B12.pdb,7.0,772.4430594214899,,missing,,,6.510247707366943,OK,
B13.pdb,7.0,977.896843093582,,missing,,,9.077660322189331,OK,
A1.pdb,7.0,1548.6072800993948,1375.0,csv_or_builtin,,12.62598400722871,5.955207824707031,OK,
C1.pdb,7.0,2719.4441055033317,549.0,csv_or_builtin,,395.34501010989646,14.944741010665894,OK,
F1.pdb,7.0,2626.198291269197,500.0,csv_or_builtin,,425.23965825383937,16.81798553466797,OK,
F2.pdb,7.0,31320.63897051002,42572.0,csv_or_builtin,,26.429016793878564,22.462626695632935,OK,
H1.pdb,7.0,2611.927716624796,259.0,csv_or_builtin,,908.4662998551337,17.02275848388672,OK,
N1.pdb,7.0,744.8150084392797,484.0,csv_or_builtin,,53.88739843786771,10.36858868598938,OK,
O1.pdb,7.0,166.87807888447546,142.0,csv_or_builtin,,17.51977386230666,7.080942153930664,OK,
W1.pdb,7.0,530.017915585838,400.0,csv_or_builtin,,32.50447889645949,10.055167436599731,OK,
O2.pdb,7.0,954.596468547456,20.0,csv_or_builtin,,4672.98234273728,9.824855327606201,OK,
C13.pdb,7.0,9037.642412279853,,missing,,,23.692206621170044,OK,
C14.pdb,7.0,10496.23754820785,,missing,,,22.099995613098145,OK,
C16.pdb,7.0,62914.07160345269,,missing,,,54.74298119544983,OK,
B1.pdb,8.0,340.2662411737903,,missing,,,5.403756618499756,OK,
B2.pdb,8.0,378.06432913980007,,missing,,,7.980398178100586,OK,
B3.pdb,8.0,331.2521023992608,,missing,,,6.292572259902954,OK,
B4.pdb,8.0,521.9684781915672,,missing,,,4.653197765350342,OK,
B5.pdb,8.0,91.76067084059052,,missing,,,3.1941170692443848,OK,
B6.pdb,8.0,103.03717103416655,,missing,,,3.6001152992248535,OK,
B7.pdb,8.0,836.3293794542483,,missing,,,7.300676107406616,OK,
B8.pdb,8.0,856.1607593198728,,missing,,,5.084829092025757,OK,
B9.pdb,8.0,232.6249600729795,,missing,,,3.5737688541412354,OK,
B10.pdb,8.0,311.0383739891134,,missing,,,5.5294718742370605,OK,
B11.pdb,8.0,527.4164617950269,,missing,,,4.948244333267212,OK,
B12.pdb,8.0,777.6587147519506,,missing,,,6.611187219619751,OK,
B13.pdb,8.0,997.9033116907963,,missing,,,9.573432445526123,OK,
A1.pdb,8.0,1551.7555131361273,1375.0,csv_or_builtin,,12.854946409900169,5.8392014503479,OK,
C1.pdb,8.0,2680.3271432059937,549.0,csv_or_builtin,,388.21988036539045,14.178885459899902,OK,
F1.pdb,8.0,2648.740265282496,500.0,csv_or_builtin,,429.74805305649915,16.965320348739624,OK,
F2.pdb,8.0,32336.431337520997,42572.0,csv_or_builtin,,24.042959368784654,20.138566255569458,OK,
H1.pdb,8.0,2746.704667465395,259.0,csv_or_builtin,,960.5037326121214,17.1720187664032,OK,
N1.pdb,8.0,779.303859326886,484.0,csv_or_builtin,,61.0131940758029,10.230704545974731,OK,
O1.pdb,8.0,223.41285865191495,142.0,csv_or_builtin,,57.33299905064433,7.190890312194824,OK,
W1.pdb,8.0,538.8778478556158,400.0,csv_or_builtin,,34.71946196390394,10.143975257873535,OK,
O2.pdb,8.0,959.3784254879168,20.0,csv_or_builtin,,4696.892127439584,9.582786321640015,OK,
C13.pdb,8.0,8998.602422795488,,missing,,,22.00208067893982,OK,
C14.pdb,8.0,10985.218663507425,,missing,,,22.517216444015503,OK,
C16.pdb,8.0,63198.21884406729,,missing,,,46.57870602607727,OK,
B1.pdb,9.0,343.8810626791448,,missing,,,5.470919609069824,OK,
B2.pdb,9.0,383.5552254958636,,missing,,,7.825856685638428,OK,
B3.pdb,9.0,333.8417147161342,,missing,,,6.251784801483154,OK,
B4.pdb,9.0,528.9880070401563,,missing,,,4.613164901733398,OK,
B5.pdb,9.0,92.74443530308326,,missing,,,3.252250909805298,OK,
B6.pdb,9.0,106.29365028392925,,missing,,,3.5116307735443115,OK,
B7.pdb,9.0,836.3293794542483,,missing,,,7.257887363433838,OK,
B8.pdb,9.0,856.1607593198728,,missing,,,5.0928826332092285,OK,
B9.pdb,9.0,232.6249600729795,,missing,,,3.578810930252075,OK,
B10.pdb,9.0,312.6772536945665,,missing,,,5.705921649932861,OK,
B11.pdb,9.0,527.4164617950269,,missing,,,5.002803802490234,OK,
B12.pdb,9.0,788.1529726999078,,missing,,,6.683087587356567,OK,
B13.pdb,9.0,1018.3672523728874,,missing,,,9.12130618095398,OK,
A1.pdb,9.0,1554.942035304259,1375.0,csv_or_builtin,,13.08669347667338,5.871424674987793,OK,
C1.pdb,9.0,2802.3364210407763,549.0,csv_or_builtin,,410.4437925393035,13.258836030960083,OK,
F1.pdb,9.0,2700.4890011222833,500.0,csv_or_builtin,,440.09780022445665,13.626778602600098,OK,
F2.pdb,9.0,35076.30008215205,42572.0,csv_or_builtin,,17.60711246323394,19.212085485458374,OK,
H1.pdb,9.0,2623.948417303872,259.0,csv_or_builtin,,913.107497028522,16.571290731430054,OK,
N1.pdb,9.0,826.0804548871344,484.0,csv_or_builtin,,70.67777993535834,10.835185289382935,OK,
O1.pdb,9.0,202.14801521890445,142.0,csv_or_builtin,,42.35775719641158,7.070265769958496,OK,
W1.pdb,9.0,555.365733362762,400.0,csv_or_builtin,,38.841433340690486,11.285844802856445,OK,
O2.pdb,9.0,1029.6960044958366,20.0,csv_or_builtin,,5048.480022479183,9.346184492111206,OK,
C13.pdb,9.0,9466.53718746471,,missing,,,21.50901508331299,OK,
C14.pdb,9.0,11533.732350449707,,missing,,,22.789433002471924,OK,
C16.pdb,9.0,63198.21884406729,,missing,,,2254.5744774341583,OK,
B1.pdb,10.0,343.31624890536216,,missing,,,5.943525791168213,OK,
B2.pdb,10.0,377.53103211216654,,missing,,,8.37245225906372,OK,
B3.pdb,10.0,333.7134083752472,,missing,,,6.3362414836883545,OK,
B4.pdb,10.0,534.2737556225696,,missing,,,4.800447225570679,OK,
B5.pdb,10.0,93.25565661105125,,missing,,,3.3213353157043457,OK,
B6.pdb,10.0,108.53340911657007,,missing,,,3.6812405586242676,OK,
B7.pdb,10.0,836.3293794542483,,missing,,,7.391610145568848,OK,
B8.pdb,10.0,856.1607593198728,,missing,,,5.1651811599731445,OK,
B9.pdb,10.0,232.6249600729795,,missing,,,3.6786673069000244,OK,
B10.pdb,10.0,313.2006532621258,,missing,,,5.828677415847778,OK,
B11.pdb,10.0,527.4164617950269,,missing,,,5.116931915283203,OK,
B12.pdb,10.0,816.7050795066614,,missing,,,6.97700309753418,OK,
B13.pdb,10.0,1045.3230372648666,,missing,,,9.688135147094727,OK,
A1.pdb,10.0,1558.1670680507248,1375.0,csv_or_builtin,,13.321241312779982,5.871922731399536,OK,
C1.pdb,10.0,2872.701710791874,549.0,csv_or_builtin,,423.26078520799166,13.0643150806427,OK,
F1.pdb,10.0,2862.327517955724,500.0,csv_or_builtin,,472.46550359114485,15.738929510116577,OK,
F2.pdb,10.0,36218.851689902185,42572.0,csv_or_builtin,,14.923302429056223,18.491726398468018,OK,
H1.pdb,10.0,2956.7275514744038,259.0,csv_or_builtin,,1041.5936492179164,15.258737087249756,OK,
N1.pdb,10.0,846.0218839003095,484.0,csv_or_builtin,,74.79790989675817,10.486968040466309,OK,
O1.pdb,10.0,183.178751337021,142.0,csv_or_builtin,,28.999120659873945,7.380208730697632,OK,
W1.pdb,10.0,576.9136297218951,400.0,csv_or_builtin,,44.228407430473766,11.452536582946777,OK,
O2.pdb,10.0,792.8193568766411,20.0,csv_or_builtin,,3864.096784383206,8.97779893875122,OK,
C13.pdb,10.0,9867.4528794728,,missing,,,21.539697408676147,OK,
C14.pdb,10.0,12217.018541974718,,missing,,,23.966400861740112,OK,
C16.pdb,10.0,63198.21884406729,,missing,,,46.219353914260864,OK,
